Date,State,Buildings,Population,Building_pop
Sep-1980,New South Wales,9824,14807370,663.4534019
Dec-1980,New South Wales,9866,14807370,666.2898273
Mar-1981,New South Wales,9360,15054117,621.7568257
Jun-1981,New South Wales,8653,15054117,574.7929287
Sep-1981,New South Wales,8057,15054117,535.20243
Dec-1981,New South Wales,7298,15054117,484.7843284
Mar-1982,New South Wales,6073,15288891,397.2165149
Jun-1982,New South Wales,6324,15288891,413.6336638
Sep-1982,New South Wales,4847,15288891,317.0275725
Dec-1982,New South Wales,5132,15288891,335.6685583
Mar-1983,New South Wales,5492,15483496,354.7002563
Jun-1983,New South Wales,5900,15483496,381.0508944
Sep-1983,New South Wales,6525,15483496,421.4164553
Dec-1983,New South Wales,6967,15483496,449.9629799
Mar-1984,New South Wales,7950,15677282,507.1032083
Jun-1984,New South Wales,7373,15677282,470.2983591
Sep-1984,New South Wales,7359,15677282,469.4053472
Dec-1984,New South Wales,7303,15677282,465.8332994
Mar-1985,New South Wales,6693,15900566,420.9284122
Jun-1985,New South Wales,8096,15900566,509.164265
Sep-1985,New South Wales,7249,15900566,455.8957209
Dec-1985,New South Wales,6707,15900566,421.808884
Mar-1986,New South Wales,6277,16138769,388.939206
Jun-1986,New South Wales,5842,16138769,361.9854773
Sep-1986,New South Wales,5590,16138769,346.3709035
Dec-1986,New South Wales,5499,16138769,340.7323074
Mar-1987,New South Wales,5011,16394641,305.6486568
Jun-1987,New South Wales,5507,16394641,335.9024452
Sep-1987,New South Wales,5626,16394641,343.1609146
Dec-1987,New South Wales,6989,16394641,426.2978372
Mar-1988,New South Wales,7383,16687082,442.4380488
Jun-1988,New South Wales,7942,16687082,475.9370152
Sep-1988,New South Wales,9124,16687082,546.7702502
Dec-1988,New South Wales,8676,16687082,519.9231358
Mar-1989,New South Wales,8661,16936723,511.3740126
Jun-1989,New South Wales,7793,16936723,460.124429
Sep-1989,New South Wales,7166,16936723,423.1042806
Dec-1989,New South Wales,5722,16936723,337.8457568
Mar-1990,New South Wales,6153,17169768,358.3624426
Jun-1990,New South Wales,7150,17169768,416.4296221
Sep-1990,New South Wales,5312,17169768,309.3810004
Dec-1990,New South Wales,6061,17169768,353.0041874
Mar-1991,New South Wales,5893,17378981,339.0877751
Jun-1991,New South Wales,5866,17378981,337.5341742
Sep-1991,New South Wales,6459,17378981,371.6558525
Dec-1991,New South Wales,6903,17378981,397.2039557
Mar-1992,New South Wales,6332,17557133,360.6511382
Jun-1992,New South Wales,6680,17557133,380.472142
Sep-1992,New South Wales,6625,17557133,377.3395121
Dec-1992,New South Wales,6870,17557133,391.2939544
Mar-1993,New South Wales,7147,17719090,403.3502849
Jun-1993,New South Wales,6785,17719090,382.9203418
Sep-1993,New South Wales,7297,17719090,411.8157309
Dec-1993,New South Wales,6650,17719090,375.3014404
Mar-1994,New South Wales,6930,17893433,387.2929247
Jun-1994,New South Wales,8199,17893433,458.212798
Sep-1994,New South Wales,7967,17893433,445.2471474
Dec-1994,New South Wales,7367,17893433,411.7152924
Mar-1995,New South Wales,6668,18119616,367.9989686
Jun-1995,New South Wales,6148,18119616,339.3007887
Sep-1995,New South Wales,5946,18119616,328.1526496
Dec-1995,New South Wales,5723,18119616,315.8455455
Mar-1996,New South Wales,5791,18330079,315.9288075
Jun-1996,New South Wales,5631,18330079,307.1999853
Sep-1996,New South Wales,5500,18330079,300.0532622
Dec-1996,New South Wales,5994,18330079,327.0035006
Mar-1997,New South Wales,6114,18510004,330.3078703
Jun-1997,New South Wales,5782,18510004,312.3716235
Sep-1997,New South Wales,6094,18510004,329.2273735
Dec-1997,New South Wales,6975,18510004,376.8232573
Mar-1998,New South Wales,6838,18705620,365.5585861
Jun-1998,New South Wales,6867,18705620,367.1089223
Sep-1998,New South Wales,7326,18705620,391.6470023
Dec-1998,New South Wales,6179,18705620,330.3285323
Mar-1999,New South Wales,6851,18919210,362.1187143
Jun-1999,New South Wales,7211,18919210,381.1469929
Sep-1999,New South Wales,7210,18919210,381.0941366
Dec-1999,New South Wales,7053,18919210,372.7956928
Mar-2000,New South Wales,8666,19141036,452.7445641
Jun-2000,New South Wales,7914,19141036,413.4572444
Sep-2000,New South Wales,4299,19141036,224.5959937
Dec-2000,New South Wales,4537,19141036,237.0300124
Mar-2001,New South Wales,4249,19386461,219.1735769
Jun-2001,New South Wales,4554,19386461,234.9062059
Sep-2001,New South Wales,5624,19386461,290.0993637
Dec-2001,New South Wales,6944,19386461,358.188119
Mar-2002,New South Wales,6378,19605441,325.3178544
Jun-2002,New South Wales,6606,19605441,336.9472791
Sep-2002,New South Wales,6710,19605441,342.2519289
Dec-2002,New South Wales,6140,19605441,313.1783672
Mar-2003,New South Wales,5922,19827155,298.6812783
Jun-2003,New South Wales,5929,19827155,299.0343294
Sep-2003,New South Wales,5626,19827155,283.752258
Dec-2003,New South Wales,5988,19827155,302.0100463
Mar-2004,New South Wales,5801,20046003,289.3843725
Jun-2004,New South Wales,5528,20046003,275.7656975
Sep-2004,New South Wales,5528,20046003,275.7656975
Dec-2004,New South Wales,5323,20046003,265.53922
Mar-2005,New South Wales,4319,20311543,212.6377105
Jun-2005,New South Wales,4728,20311543,232.7740438
Sep-2005,New South Wales,4266,20311543,210.0283568
Dec-2005,New South Wales,4179,20311543,205.7450781
Mar-2006,New South Wales,3879,20627547,188.0495049
Jun-2006,New South Wales,3788,20627547,183.6379284
Sep-2006,New South Wales,4185,20627547,202.8840366
Dec-2006,New South Wales,4066,20627547,197.115052
Mar-2007,New South Wales,4249,21016121,202.1781279
Jun-2007,New South Wales,3545,21016121,168.6800338
Sep-2007,New South Wales,3780,21016121,179.861926
Dec-2007,New South Wales,3788,21016121,180.2425862
Mar-2008,New South Wales,4229,21475625,196.9209278
Jun-2008,New South Wales,4147,21475625,193.1026454
Sep-2008,New South Wales,3533,21475625,164.5120922
Dec-2008,New South Wales,2985,21475625,138.9947906
Mar-2009,New South Wales,3324,21865623,152.0194508
Jun-2009,New South Wales,3666,21865623,167.6604412
Sep-2009,New South Wales,3966,21865623,181.3806083
Dec-2009,New South Wales,4733,21865623,216.458502
Mar-2010,New South Wales,4284,22172469,193.2125827
Jun-2010,New South Wales,4676,22172469,210.8921654
Sep-2010,New South Wales,4065,22172469,183.3354689
Dec-2010,New South Wales,3890,22172469,175.442798
Mar-2011,New South Wales,4124,22522197,183.1082465
Jun-2011,New South Wales,4007,22522197,177.9133714
Sep-2011,New South Wales,4068,22522197,180.6218106
Dec-2011,New South Wales,4128,22522197,183.2858491
Mar-2012,New South Wales,3530,22928023,153.9600689
Jun-2012,New South Wales,3845,22928023,167.6987152
Sep-2012,New South Wales,4497,22928023,196.1355325
Dec-2012,New South Wales,4621,22928023,201.5437615
Mar-2013,New South Wales,4873,23297777,209.1615865
Jun-2013,New South Wales,5060,23297777,217.1881034
Sep-2013,New South Wales,5024,23297777,215.6428916
Dec-2013,New South Wales,5323,23297777,228.4767341
Mar-2014,New South Wales,6192,23640331,261.9252666
Jun-2014,New South Wales,5766,23640331,243.9052144
Sep-2014,New South Wales,6037,23640331,255.3686748
Dec-2014,New South Wales,6407,23640331,271.0198939
Mar-2015,New South Wales,6164,23984581,256.9984441
Jun-2015,New South Wales,6723,23984581,280.3050843
Sep-2015,New South Wales,6960,23984581,290.1864327
Dec-2015,New South Wales,6720,23984581,280.180004
Mar-2016,New South Wales,7107,24385064,291.4488968
Jun-2016,New South Wales,6691,24385064,274.3892737
Sep-2016,New South Wales,8327,24385064,341.4795221
Dec-2016,New South Wales,7244,24385064,297.0670899
Mar-2017,New South Wales,6750,24759018,272.627937
Jun-2017,New South Wales,6841,24759018,276.3033655
Sep-2017,New South Wales,7059,24759018,285.1082381
Dec-2017,New South Wales,7974,24759018,322.0644696
Mar-2018,New South Wales,7955,25146140,316.3507401
Jun-2018,New South Wales,7842,25146140,311.8570087
Sep-2018,New South Wales,7815,25146140,310.7832852
Dec-2018,New South Wales,7216,25146140,286.9625318
Mar-2019,New South Wales,7776,25520468,304.6966067
Jun-2019,New South Wales,6549,25520468,256.6175511
Sep-2019,New South Wales,5862,25520468,229.697982
Dec-2019,New South Wales,5511,25520468,215.9443158
Mar-2020,New South Wales,5704,25630698,222.5456365
Jun-2020,New South Wales,5763,25630698,224.8475637
Sep-2020,New South Wales,6292,25630698,245.4868767
Dec-2020,New South Wales,7480,25630698,291.8375457
Mar-2021,New South Wales,7956,25760867,308.8405371
Jun-2021,New South Wales,8285,25760867,321.6118464
Sep-2021,New South Wales,7758,25760867,301.1544604
Dec-2021,New South Wales,7202,25760867,279.5713359
Mar-2022,New South Wales,6465,26302450,245.7945933
Jun-2022,New South Wales,6992,26302450,265.8307496
Sep-2022,New South Wales,7166,26302450,272.4461029
Dec-2022,New South Wales,6463,26302450,245.7185547
Mar-2023,New South Wales,6418,26946369,238.1768022
Jun-2023,New South Wales,5910,26946369,219.3245405
Sep-2023,New South Wales,4612,26946369,171.1547853
Dec-2023,New South Wales,5779,26946369,214.4630321
Mar-2024,New South Wales,5493,27095255,202.7292233
Jun-2024,New South Wales,5220,27095255,192.6536584
Sep-1980,Victoria,5625,14807370,379.8783984
Dec-1980,Victoria,5395,14807370,364.3455928
Mar-1981,Victoria,5457,15054117,362.4922006
Jun-1981,Victoria,5417,15054117,359.8351202
Sep-1981,Victoria,5194,15054117,345.0218967
Dec-1981,Victoria,4845,15054117,321.8388697
Mar-1982,Victoria,4456,15288891,291.4534481
Jun-1982,Victoria,4572,15288891,299.0406564
Sep-1982,Victoria,4552,15288891,297.732517
Dec-1982,Victoria,4432,15288891,289.8836809
Mar-1983,Victoria,5177,15483496,334.3560137
Jun-1983,Victoria,6833,15483496,441.3086037
Sep-1983,Victoria,6214,15483496,401.3305522
Dec-1983,Victoria,7164,15483496,462.6862047
Mar-1984,Victoria,7175,15677282,457.6686188
Jun-1984,Victoria,7677,15677282,489.6894755
Sep-1984,Victoria,8285,15677282,528.4717083
Dec-1984,Victoria,8106,15677282,517.0539128
Mar-1985,Victoria,7772,15900566,488.7876318
Jun-1985,Victoria,8445,15900566,531.1131692
Sep-1985,Victoria,7926,15900566,498.4728217
Dec-1985,Victoria,7788,15900566,489.7938853
Mar-1986,Victoria,7474,16138769,463.1084316
Jun-1986,Victoria,6704,16138769,415.3972338
Sep-1986,Victoria,6770,16138769,419.4867651
Dec-1986,Victoria,6975,16138769,432.189097
Mar-1987,Victoria,7113,16394641,433.8612843
Jun-1987,Victoria,6865,16394641,418.7343901
Sep-1987,Victoria,6035,16394641,368.1080909
Dec-1987,Victoria,6900,16394641,420.869234
Mar-1988,Victoria,7108,16687082,425.9582352
Jun-1988,Victoria,7382,16687082,442.3781222
Sep-1988,Victoria,8210,16687082,491.9973426
Dec-1988,Victoria,8756,16687082,524.7172633
Mar-1989,Victoria,8642,16936723,510.2521899
Jun-1989,Victoria,9596,16936723,566.5794971
Sep-1989,Victoria,7461,16936723,440.5220538
Dec-1989,Victoria,6784,16936723,400.5497403
Mar-1990,Victoria,6863,17169768,399.7141953
Jun-1990,Victoria,6464,17169768,376.4756752
Sep-1990,Victoria,5949,17169768,346.481094
Dec-1990,Victoria,5175,17169768,301.4018594
Mar-1991,Victoria,5052,17378981,290.695985
Jun-1991,Victoria,4903,17378981,282.1224098
Sep-1991,Victoria,5283,17378981,303.9879035
Dec-1991,Victoria,5534,17378981,318.4306376
Mar-1992,Victoria,5393,17557133,307.1686021
Jun-1992,Victoria,6184,17557133,352.2215159
Sep-1992,Victoria,6076,17557133,346.0701699
Dec-1992,Victoria,6491,17557133,369.7072865
Mar-1993,Victoria,6393,17719090,360.7973096
Jun-1993,Victoria,6757,17719090,381.3401253
Sep-1993,Victoria,6636,17719090,374.5113321
Dec-1993,Victoria,6979,17719090,393.8689854
Mar-1994,Victoria,7324,17893433,409.3121761
Jun-1994,Victoria,7013,17893433,391.931498
Sep-1994,Victoria,6917,17893433,386.5664012
Dec-1994,Victoria,7108,17893433,397.2407084
Mar-1995,Victoria,5988,18119616,330.4705795
Jun-1995,Victoria,5734,18119616,316.4526224
Sep-1995,Victoria,5679,18119616,313.417238
Dec-1995,Victoria,4846,18119616,267.4449613
Mar-1996,Victoria,4754,18330079,259.3551288
Jun-1996,Victoria,4078,18330079,222.4758551
Sep-1996,Victoria,4336,18330079,236.5510809
Dec-1996,Victoria,3976,18330079,216.911231
Mar-1997,Victoria,4979,18510004,268.9896771
Jun-1997,Victoria,5383,18510004,290.8157124
Sep-1997,Victoria,5583,18510004,301.6206804
Dec-1997,Victoria,6868,18510004,371.0425995
Mar-1998,Victoria,6512,18705620,348.1306688
Jun-1998,Victoria,6990,18705620,373.6844863
Sep-1998,Victoria,7227,18705620,386.3544753
Dec-1998,Victoria,7216,18705620,385.7664167
Mar-1999,Victoria,6993,18919210,369.6243131
Jun-1999,Victoria,7669,18919210,405.3551919
Sep-1999,Victoria,8006,18919210,423.167775
Dec-1999,Victoria,8642,18919210,456.7844006
Mar-2000,Victoria,9680,19141036,505.7197531
Jun-2000,Victoria,8492,19141036,443.654147
Sep-2000,Victoria,5981,19141036,312.4700251
Dec-2000,Victoria,5820,19141036,304.0587772
Mar-2001,Victoria,5945,19386461,306.657311
Jun-2001,Victoria,6384,19386461,329.3019804
Sep-2001,Victoria,8003,19386461,412.8138705
Dec-2001,Victoria,8795,19386461,453.6671237
Mar-2002,Victoria,8975,19605441,457.7810823
Jun-2002,Victoria,9072,19605441,462.7286884
Sep-2002,Victoria,8843,19605441,451.0482575
Dec-2002,Victoria,8429,19605441,429.9316705
Mar-2003,Victoria,8607,19827155,434.1016147
Jun-2003,Victoria,6835,19827155,344.7292362
Sep-2003,Victoria,8917,19827155,449.7367373
Dec-2003,Victoria,8610,19827155,434.2529223
Mar-2004,Victoria,8614,20046003,429.7115989
Jun-2004,Victoria,8549,20046003,426.4690572
Sep-2004,Victoria,7430,20046003,370.6474553
Dec-2004,Victoria,7778,20046003,388.0075245
Mar-2005,Victoria,7109,20311543,349.9980282
Jun-2005,Victoria,8023,20311543,394.9970714
Sep-2005,Victoria,7466,20311543,367.5742409
Dec-2005,Victoria,7200,20311543,354.4782393
Mar-2006,Victoria,7827,20627547,379.4440512
Jun-2006,Victoria,7226,20627547,350.3082553
Sep-2006,Victoria,7960,20627547,385.8917398
Dec-2006,Victoria,7372,20627547,357.3861691
Mar-2007,Victoria,6958,21016121,331.0791749
Jun-2007,Victoria,7230,21016121,344.0216204
Sep-2007,Victoria,7613,21016121,362.2457256
Dec-2007,Victoria,7887,21016121,375.2833361
Mar-2008,Victoria,7350,21475625,342.2484794
Jun-2008,Victoria,7980,21475625,371.5840633
Sep-2008,Victoria,7967,21475625,370.9787259
Dec-2008,Victoria,7295,21475625,339.6874363
Mar-2009,Victoria,7581,21865623,346.7086211
Jun-2009,Victoria,7748,21865623,354.3461808
Sep-2009,Victoria,8180,21865623,374.1032213
Dec-2009,Victoria,10070,21865623,460.5402737
Mar-2010,Victoria,10686,22172469,481.9490333
Jun-2010,Victoria,9241,22172469,416.7781225
Sep-2010,Victoria,9262,22172469,417.725243
Dec-2010,Victoria,8547,22172469,385.4780449
Mar-2011,Victoria,8533,22522197,378.8706759
Jun-2011,Victoria,8507,22522197,377.7162592
Sep-2011,Victoria,8111,22522197,360.1336051
Dec-2011,Victoria,8031,22522197,356.5815537
Mar-2012,Victoria,6988,22928023,304.7798757
Jun-2012,Victoria,6847,22928023,298.6301959
Sep-2012,Victoria,7434,22928023,324.2320544
Dec-2012,Victoria,6911,22928023,301.4215399
Mar-2013,Victoria,6737,23297777,289.1692199
Jun-2013,Victoria,6847,23297777,293.8907004
Sep-2013,Victoria,6879,23297777,295.264222
Dec-2013,Victoria,6531,23297777,280.3271746
Mar-2014,Victoria,8244,23640331,348.7260817
Jun-2014,Victoria,7933,23640331,335.5705976
Sep-2014,Victoria,7784,23640331,329.2678093
Dec-2014,Victoria,8245,23640331,348.7683823
Mar-2015,Victoria,8283,23984581,345.346871
Jun-2015,Victoria,8014,23984581,334.1313321
Sep-2015,Victoria,8400,23984581,350.225005
Dec-2015,Victoria,8665,23984581,361.27377
Mar-2016,Victoria,8243,24385064,338.0347905
Jun-2016,Victoria,10130,24385064,415.4182249
Sep-2016,Victoria,9137,24385064,374.6965766
Dec-2016,Victoria,8774,24385064,359.8104151
Mar-2017,Victoria,8367,24759018,337.9374739
Jun-2017,Victoria,9401,24759018,379.700035
Sep-2017,Victoria,9290,24759018,375.21682
Dec-2017,Victoria,9473,24759018,382.6080663
Mar-2018,Victoria,10054,25146140,399.8227959
Jun-2018,Victoria,9851,25146140,391.7499863
Sep-2018,Victoria,9288,25146140,369.3608641
Dec-2018,Victoria,9291,25146140,369.4801667
Mar-2019,Victoria,9502,25520468,372.3285952
Jun-2019,Victoria,8463,25520468,331.6161757
Sep-2019,Victoria,8800,25520468,344.8212627
Dec-2019,Victoria,8787,25520468,344.3118676
Mar-2020,Victoria,9433,25630698,368.0352365
Jun-2020,Victoria,9269,25630698,361.6366593
Sep-2020,Victoria,10137,25630698,395.5022996
Dec-2020,Victoria,11167,25630698,435.6884857
Mar-2021,Victoria,10955,25760867,425.2574263
Jun-2021,Victoria,13858,25760867,537.9477329
Sep-2021,Victoria,12153,25760867,471.7620723
Dec-2021,Victoria,10184,25760867,395.3283094
Mar-2022,Victoria,10831,26302450,411.7867347
Jun-2022,Victoria,8323,26302450,316.4344006
Sep-2022,Victoria,9616,26302450,365.5933193
Dec-2022,Victoria,9042,26302450,343.7702571
Mar-2023,Victoria,9459,26946369,351.0305971
Jun-2023,Victoria,7492,26946369,278.0337492
Sep-2023,Victoria,7882,26946369,292.5069422
Dec-2023,Victoria,8016,26946369,297.4797829
Mar-2024,Victoria,8382,27095255,309.3530583
Jun-2024,Victoria,8445,27095255,311.6781887
Sep-1980,Queensland,5877,14807370,396.8969506
Dec-1980,Queensland,5529,14807370,373.3951404
Mar-1981,Queensland,5697,15054117,378.4346833
Jun-1981,Queensland,6434,15054117,427.3913907
Sep-1981,Queensland,6476,15054117,430.1813251
Dec-1981,Queensland,6311,15054117,419.2208683
Mar-1982,Queensland,5507,15288891,360.1961712
Jun-1982,Queensland,4870,15288891,318.5319328
Sep-1982,Queensland,4483,15288891,293.2194363
Dec-1982,Queensland,4295,15288891,280.9229263
Mar-1983,Queensland,4716,15483496,304.582376
Jun-1983,Queensland,4847,15483496,313.0429975
Sep-1983,Queensland,5248,15483496,338.9415414
Dec-1983,Queensland,5951,15483496,384.3447242
Mar-1984,Queensland,6757,15677282,431.0058338
Jun-1984,Queensland,6932,15677282,442.168483
Sep-1984,Queensland,6212,15677282,396.2421547
Dec-1984,Queensland,6036,15677282,385.0157189
Mar-1985,Queensland,5798,15900566,364.6411077
Jun-1985,Queensland,5873,15900566,369.357921
Sep-1985,Queensland,6518,15900566,409.9225147
Dec-1985,Queensland,5418,15900566,340.7425874
Mar-1986,Queensland,5167,16138769,320.160726
Jun-1986,Queensland,4433,16138769,274.6801816
Sep-1986,Queensland,4104,16138769,254.294488
Dec-1986,Queensland,4206,16138769,260.6146727
Mar-1987,Queensland,4309,16394641,262.8297869
Jun-1987,Queensland,4078,16394641,248.7398169
Sep-1987,Queensland,4828,16394641,294.4864727
Dec-1987,Queensland,5428,16394641,331.0837974
Mar-1988,Queensland,6160,16687082,369.1478234
Jun-1988,Queensland,6993,16687082,419.0666768
Sep-1988,Queensland,7375,16687082,441.958636
Dec-1988,Queensland,7900,16687082,473.4200983
Mar-1989,Queensland,7367,16936723,434.9719837
Jun-1989,Queensland,7658,16936723,452.1535837
Sep-1989,Queensland,6022,16936723,355.5587465
Dec-1989,Queensland,6273,16936723,370.3786146
Mar-1990,Queensland,5693,17169768,331.5711662
Jun-1990,Queensland,5735,17169768,334.0173263
Sep-1990,Queensland,5606,17169768,326.5041205
Dec-1990,Queensland,5536,17169768,322.4271871
Mar-1991,Queensland,5790,17378981,333.1610754
Jun-1991,Queensland,6638,17378981,381.9556509
Sep-1991,Queensland,6607,17378981,380.1718869
Dec-1991,Queensland,7391,17378981,425.2838529
Mar-1992,Queensland,7525,17557133,428.6007288
Jun-1992,Queensland,7571,17557133,431.2207466
Sep-1992,Queensland,8049,17557133,458.4461484
Dec-1992,Queensland,8297,17557133,472.5714614
Mar-1993,Queensland,8646,17719090,487.9483089
Jun-1993,Queensland,8604,17719090,485.577984
Sep-1993,Queensland,8819,17719090,497.7117899
Dec-1993,Queensland,8539,17719090,481.909624
Mar-1994,Queensland,9264,17893433,517.7318405
Jun-1994,Queensland,9222,17893433,515.3846107
Sep-1994,Queensland,9143,17893433,510.9695831
Dec-1994,Queensland,8236,17893433,460.2805957
Mar-1995,Queensland,7203,18119616,397.5249807
Jun-1995,Queensland,6257,18119616,345.3163687
Sep-1995,Queensland,5796,18119616,319.8743285
Dec-1995,Queensland,5682,18119616,313.5828044
Mar-1996,Queensland,5525,18330079,301.4171406
Jun-1996,Queensland,6013,18330079,328.0400483
Sep-1996,Queensland,5408,18330079,295.0341894
Dec-1996,Queensland,5944,18330079,324.2757437
Mar-1997,Queensland,5693,18510004,307.5634127
Jun-1997,Queensland,5787,18510004,312.6417477
Sep-1997,Queensland,5837,18510004,315.3429897
Dec-1997,Queensland,5947,18510004,321.285722
Mar-1998,Queensland,6226,18705620,332.8411461
Jun-1998,Queensland,5788,18705620,309.4257234
Sep-1998,Queensland,5070,18705620,271.0415372
Dec-1998,Queensland,5010,18705620,267.8339451
Mar-1999,Queensland,4676,18919210,247.1561973
Jun-1999,Queensland,5368,18919210,283.7327774
Sep-1999,Queensland,5064,18919210,267.6644532
Dec-1999,Queensland,6223,18919210,328.9249393
Mar-2000,Queensland,6693,19141036,349.6675937
Jun-2000,Queensland,6428,19141036,335.8229931
Sep-2000,Queensland,3106,19141036,162.2691687
Dec-2000,Queensland,3565,19141036,186.249062
Mar-2001,Queensland,3546,19386461,182.9111564
Jun-2001,Queensland,4381,19386461,225.9824524
Sep-2001,Queensland,5957,19386461,307.2762997
Dec-2001,Queensland,6424,19386461,331.365276
Mar-2002,Queensland,6885,19605441,351.1780225
Jun-2002,Queensland,6638,19605441,338.579479
Sep-2002,Queensland,6901,19605441,351.9941224
Dec-2002,Queensland,6749,19605441,344.2411726
Mar-2003,Queensland,6509,19827155,328.2871395
Jun-2003,Queensland,6702,19827155,338.0212643
Sep-2003,Queensland,7109,19827155,358.5486672
Dec-2003,Queensland,8162,19827155,411.6576483
Mar-2004,Queensland,7706,20046003,384.415786
Jun-2004,Queensland,7178,20046003,358.0763706
Sep-2004,Queensland,6506,20046003,324.5534783
Dec-2004,Queensland,6074,20046003,303.0030475
Mar-2005,Queensland,6397,20311543,314.944069
Jun-2005,Queensland,6267,20311543,308.5437675
Sep-2005,Queensland,6530,20311543,321.4920698
Dec-2005,Queensland,5917,20311543,291.3121864
Mar-2006,Queensland,5864,20627547,284.2800455
Jun-2006,Queensland,6485,20627547,314.3854187
Sep-2006,Queensland,6561,20627547,318.0698122
Dec-2006,Queensland,6806,20627547,329.9471333
Mar-2007,Queensland,7657,21016121,364.3393564
Jun-2007,Queensland,7263,21016121,345.5918435
Sep-2007,Queensland,7391,21016121,351.6824061
Dec-2007,Queensland,8215,21016121,390.8904027
Mar-2008,Queensland,7683,21475625,357.7544309
Jun-2008,Queensland,7099,21475625,330.5608102
Sep-2008,Queensland,5983,21475625,278.5949187
Dec-2008,Queensland,5095,21475625,237.2457146
Mar-2009,Queensland,4419,21865623,202.0980605
Jun-2009,Queensland,4740,21865623,216.7786392
Sep-2009,Queensland,5753,21865623,263.1070699
Dec-2009,Queensland,6588,21865623,301.2948682
Mar-2010,Queensland,5993,22172469,270.2901513
Jun-2010,Queensland,6258,22172469,282.24191
Sep-2010,Queensland,5704,22172469,257.2559691
Dec-2010,Queensland,4692,22172469,211.613781
Mar-2011,Queensland,4807,22522197,213.4338848
Jun-2011,Queensland,4162,22522197,184.7954709
Sep-2011,Queensland,4199,22522197,186.4382946
Dec-2011,Queensland,4127,22522197,183.2414484
Mar-2012,Queensland,4857,22928023,211.8368426
Jun-2012,Queensland,5085,22928023,221.7810057
Sep-2012,Queensland,4672,22928023,203.7681138
Dec-2012,Queensland,4806,22928023,209.6124904
Mar-2013,Queensland,4501,23297777,193.1943979
Jun-2013,Queensland,4868,23297777,208.9469738
Sep-2013,Queensland,4887,23297777,209.7625022
Dec-2013,Queensland,5307,23297777,227.7899733
Mar-2014,Queensland,4937,23640331,208.8380235
Jun-2014,Queensland,5315,23640331,224.8276473
Sep-2014,Queensland,5872,23640331,248.3890771
Dec-2014,Queensland,5683,23640331,240.3942652
Mar-2015,Queensland,6437,23984581,268.3807568
Jun-2015,Queensland,5436,23984581,226.6456104
Sep-2015,Queensland,5664,23984581,236.1517176
Dec-2015,Queensland,5762,23984581,240.237676
Mar-2016,Queensland,6031,24385064,247.3235256
Jun-2016,Queensland,6181,24385064,253.474832
Sep-2016,Queensland,6009,24385064,246.421334
Dec-2016,Queensland,6280,24385064,257.5346942
Mar-2017,Queensland,5719,24759018,230.986544
Jun-2017,Queensland,6522,24759018,263.4191711
Sep-2017,Queensland,6580,24759018,265.7617519
Dec-2017,Queensland,6385,24759018,257.8858338
Mar-2018,Queensland,6841,25146140,272.0497062
Jun-2018,Queensland,6594,25146140,262.2271251
Sep-2018,Queensland,6279,25146140,249.7003516
Dec-2018,Queensland,5649,25146140,224.6468046
Mar-2019,Queensland,5514,25520468,216.0618685
Jun-2019,Queensland,5087,25520468,199.3302004
Sep-2019,Queensland,5129,25520468,200.9759382
Dec-2019,Queensland,5110,25520468,200.2314378
Mar-2020,Queensland,5157,25630698,201.2040406
Jun-2020,Queensland,5163,25630698,201.4381348
Sep-2020,Queensland,4855,25630698,189.4212947
Dec-2020,Queensland,6494,25630698,253.3680511
Mar-2021,Queensland,6638,25760867,257.6776628
Jun-2021,Queensland,9564,25760867,371.2607965
Sep-2021,Queensland,7264,25760867,281.9780872
Dec-2021,Queensland,6875,25760867,266.8776637
Mar-2022,Queensland,6368,26302450,242.1067239
Jun-2022,Queensland,6119,26302450,232.6399252
Sep-2022,Queensland,5449,26302450,207.167013
Dec-2022,Queensland,5320,26302450,202.2625269
Mar-2023,Queensland,5328,26946369,197.7260832
Jun-2023,Queensland,5779,26946369,214.4630321
Sep-2023,Queensland,4639,26946369,172.1567756
Dec-2023,Queensland,5010,26946369,185.9248643
Mar-2024,Queensland,5310,27095255,195.9752732
Jun-2024,Queensland,5246,27095255,193.613236
Sep-1980,South Australia,1596,14807370,107.7841642
Dec-1980,South Australia,1587,14807370,107.1763588
Mar-1981,South Australia,1424,15054117,94.59206408
Jun-1981,South Australia,1304,15054117,86.62082273
Sep-1981,South Australia,1269,15054117,84.29587733
Dec-1981,South Australia,1425,15054117,94.6584911
Mar-1982,South Australia,1399,15288891,91.50434783
Jun-1982,South Australia,1365,15288891,89.28051093
Sep-1982,South Australia,1264,15288891,82.67440719
Dec-1982,South Australia,1301,15288891,85.09446499
Mar-1983,South Australia,1408,15483496,90.93553549
Jun-1983,South Australia,1542,15483496,99.58991174
Sep-1983,South Australia,1851,15483496,119.546645
Dec-1983,South Australia,2050,15483496,132.3990396
Mar-1984,South Australia,2139,15677282,136.439467
Jun-1984,South Australia,2624,15677282,167.375952
Sep-1984,South Australia,2443,15677282,155.8305834
Dec-1984,South Australia,2645,15677282,168.7154699
Mar-1985,South Australia,2426,15900566,152.5731851
Jun-1985,South Australia,2190,15900566,137.7309462
Sep-1985,South Australia,2082,15900566,130.9387351
Dec-1985,South Australia,1900,15900566,119.4926017
Mar-1986,South Australia,1718,16138769,106.4517374
Jun-1986,South Australia,1542,16138769,95.54632079
Sep-1986,South Australia,1556,16138769,96.41379711
Dec-1986,South Australia,1696,16138769,105.0885603
Mar-1987,South Australia,1530,16394641,93.32317798
Jun-1987,South Australia,1645,16394641,100.3376652
Sep-1987,South Australia,1542,16394641,94.05512448
Dec-1987,South Australia,1493,16394641,91.06634296
Mar-1988,South Australia,1725,16687082,103.3733759
Jun-1988,South Australia,1637,16687082,98.09983555
Sep-1988,South Australia,1809,16687082,108.4072098
Dec-1988,South Australia,2037,16687082,122.0704734
Mar-1989,South Australia,1881,16936723,111.0604454
Jun-1989,South Australia,1851,16936723,109.2891464
Sep-1989,South Australia,1924,16936723,113.5993073
Dec-1989,South Australia,1614,16936723,95.29588457
Mar-1990,South Australia,1702,17169768,99.12772263
Jun-1990,South Australia,1935,17169768,112.6980865
Sep-1990,South Australia,2037,17169768,118.6387609
Dec-1990,South Australia,2098,17169768,122.1915171
Mar-1991,South Australia,2099,17378981,120.7780824
Jun-1991,South Australia,1948,17378981,112.0894257
Sep-1991,South Australia,1960,17378981,112.779915
Dec-1991,South Australia,1979,17378981,113.8731897
Mar-1992,South Australia,2225,17557133,126.7291192
Jun-1992,South Australia,2212,17557133,125.9886794
Sep-1992,South Australia,2213,17557133,126.0456363
Dec-1992,South Australia,2273,17557133,129.4630507
Mar-1993,South Australia,2394,17719090,135.1085186
Jun-1993,South Australia,2546,17719090,143.6868372
Sep-1993,South Australia,2605,17719090,147.0165793
Dec-1993,South Australia,2306,17719090,130.1421236
Mar-1994,South Australia,2210,17893433,123.5089991
Jun-1994,South Australia,2425,17893433,135.5245804
Sep-1994,South Australia,2382,17893433,133.1214642
Dec-1994,South Australia,2346,17893433,131.1095529
Mar-1995,South Australia,1914,18119616,105.6313776
Jun-1995,South Australia,1525,18119616,84.16293149
Sep-1995,South Australia,1422,18119616,78.47848431
Dec-1995,South Australia,1235,18119616,68.1581773
Mar-1996,South Australia,1204,18330079,65.68438685
Jun-1996,South Australia,1194,18330079,65.13883546
Sep-1996,South Australia,1158,18330079,63.17485047
Dec-1996,South Australia,1197,18330079,65.30250088
Mar-1997,South Australia,1203,18510004,64.99188223
Jun-1997,South Australia,1552,18510004,83.8465513
Sep-1997,South Australia,1353,18510004,73.09560819
Dec-1997,South Australia,1494,18510004,80.7131106
Mar-1998,South Australia,1581,18705620,84.52005333
Jun-1998,South Australia,1402,18705620,74.95073673
Sep-1998,South Australia,1562,18705620,83.50431582
Dec-1998,South Australia,1595,18705620,85.2684915
Mar-1999,South Australia,1461,18919210,77.22309758
Jun-1999,South Australia,1664,18919210,87.9529325
Sep-1999,South Australia,1748,18919210,92.39286418
Dec-1999,South Australia,1883,18919210,99.52846868
Mar-2000,South Australia,2251,19141036,117.6007401
Jun-2000,South Australia,1997,19141036,104.330821
Sep-2000,South Australia,1390,19141036,72.61884884
Dec-2000,South Australia,1228,19141036,64.15535711
Mar-2001,South Australia,1244,19386461,64.16849367
Jun-2001,South Australia,1386,19386461,71.49319311
Sep-2001,South Australia,1830,19386461,94.39577445
Dec-2001,South Australia,2160,19386461,111.4179633
Mar-2002,South Australia,2176,19605441,110.9895972
Jun-2002,South Australia,2230,19605441,113.7439347
Sep-2002,South Australia,2391,19605441,121.9559407
Dec-2002,South Australia,1913,19605441,97.57495381
Mar-2003,South Australia,2114,19827155,106.6214492
Jun-2003,South Australia,2015,19827155,101.6282972
Sep-2003,South Australia,2105,19827155,106.1675263
Dec-2003,South Australia,2088,19827155,105.3101164
Mar-2004,South Australia,2105,20046003,105.0084648
Jun-2004,South Australia,2053,20046003,102.4144314
Sep-2004,South Australia,2017,20046003,100.6185622
Dec-2004,South Australia,2123,20046003,105.9063994
Mar-2005,South Australia,2065,20311543,101.6663284
Jun-2005,South Australia,2392,20311543,117.7655484
Sep-2005,South Australia,2028,20311543,99.84470407
Dec-2005,South Australia,2017,20311543,99.30314009
Mar-2006,South Australia,2082,20627547,100.9329902
Jun-2006,South Australia,2051,20627547,99.43014552
Sep-2006,South Australia,2079,20627547,100.7875537
Dec-2006,South Australia,2204,20627547,106.8474114
Mar-2007,South Australia,2149,21016121,102.2548357
Jun-2007,South Australia,2310,21016121,109.9156214
Sep-2007,South Australia,2383,21016121,113.3891454
Dec-2007,South Australia,2078,21016121,98.87647678
Mar-2008,South Australia,2675,21475625,124.5598207
Jun-2008,South Australia,2425,21475625,112.918716
Sep-2008,South Australia,2566,21475625,119.4842991
Dec-2008,South Australia,2309,21475625,107.5172434
Mar-2009,South Australia,2285,21865623,104.501939
Jun-2009,South Australia,2163,21865623,98.92240436
Sep-2009,South Australia,2064,21865623,94.39474924
Dec-2009,South Australia,2451,21865623,112.0937647
Mar-2010,South Australia,2532,22172469,114.1956721
Jun-2010,South Australia,2656,22172469,119.7881932
Sep-2010,South Australia,2509,22172469,113.1583497
Dec-2010,South Australia,2007,22172469,90.51765954
Mar-2011,South Australia,1838,22522197,81.6083795
Jun-2011,South Australia,1881,22522197,83.5176071
Sep-2011,South Australia,1837,22522197,81.56397886
Dec-2011,South Australia,1733,22522197,76.94631212
Mar-2012,South Australia,1710,22928023,74.58122316
Jun-2012,South Australia,1652,22928023,72.05156764
Sep-2012,South Australia,1422,22928023,62.02017505
Dec-2012,South Australia,1886,22928023,82.25741923
Mar-2013,South Australia,1570,23297777,67.38840362
Jun-2013,South Australia,1635,23297777,70.17836938
Sep-2013,South Australia,1925,23297777,82.6259089
Dec-2013,South Australia,2011,23297777,86.31724821
Mar-2014,South Australia,2044,23640331,86.46241036
Jun-2014,South Australia,2327,23640331,98.43347794
Sep-2014,South Australia,1965,23640331,83.12066358
Dec-2014,South Australia,2179,23640331,92.1729903
Mar-2015,South Australia,1984,23984581,82.7198107
Jun-2015,South Australia,1659,23984581,69.16943848
Sep-2015,South Australia,2029,23984581,84.59601608
Dec-2015,South Australia,1667,23984581,69.50298611
Mar-2016,South Australia,2006,24385064,82.26347079
Jun-2016,South Australia,1993,24385064,81.73035757
Sep-2016,South Australia,1927,24385064,79.02378275
Dec-2016,South Australia,2021,24385064,82.87860143
Mar-2017,South Australia,1826,24759018,73.75090563
Jun-2017,South Australia,1873,24759018,75.64920386
Sep-2017,South Australia,2037,24759018,82.27305299
Dec-2017,South Australia,1950,24759018,78.75918181
Mar-2018,South Australia,2057,25146140,81.80181929
Jun-2018,South Australia,2157,25146140,85.77857277
Sep-2018,South Australia,1947,25146140,77.42739045
Dec-2018,South Australia,1748,25146140,69.513651
Mar-2019,South Australia,1846,25520468,72.33409669
Jun-2019,South Australia,1797,25520468,70.41406921
Sep-2019,South Australia,1917,25520468,75.11617734
Dec-2019,South Australia,1927,25520468,75.50801968
Mar-2020,South Australia,2116,25630698,82.55725224
Jun-2020,South Australia,1724,25630698,67.26309209
Sep-2020,South Australia,2210,25630698,86.22472942
Dec-2020,South Australia,2690,25630698,104.9522725
Mar-2021,South Australia,3297,25760867,127.9848229
Jun-2021,South Australia,2818,25760867,109.3907282
Sep-2021,South Australia,2609,25760867,101.2776472
Dec-2021,South Australia,3395,25760867,131.7890427
Mar-2022,South Australia,2496,26302450,94.89610283
Jun-2022,South Australia,2761,26302450,104.9712099
Sep-2022,South Australia,2802,26302450,106.5300001
Dec-2022,South Australia,2294,26302450,87.2162099
Mar-2023,South Australia,2475,26946369,91.84910961
Jun-2023,South Australia,1753,26946369,65.05514713
Sep-2023,South Australia,2052,26946369,76.15126179
Dec-2023,South Australia,2118,26946369,78.60057138
Mar-2024,South Australia,2366,27095255,87.32156239
Jun-2024,South Australia,2193,27095255,80.93668061
Sep-1980,Western Australia,2567,14807370,173.3596175
Dec-1980,Western Australia,2431,14807370,164.175002
Mar-1981,Western Australia,2678,15054117,177.8915362
Jun-1981,Western Australia,2551,15054117,169.4553058
Sep-1981,Western Australia,2267,15054117,150.5900346
Dec-1981,Western Australia,2184,15054117,145.0765927
Mar-1982,Western Australia,2378,15288891,155.5377692
Jun-1982,Western Australia,2277,15288891,148.9316655
Sep-1982,Western Australia,2014,15288891,131.729633
Dec-1982,Western Australia,1992,15288891,130.2906797
Mar-1983,Western Australia,2109,15483496,136.2095485
Jun-1983,Western Australia,2311,15483496,149.2556978
Sep-1983,Western Australia,2256,15483496,145.7035285
Dec-1983,Western Australia,3188,15483496,205.8966528
Mar-1984,Western Australia,3290,15677282,209.8578057
Jun-1984,Western Australia,3332,15677282,212.5368415
Sep-1984,Western Australia,3796,15677282,242.1338087
Dec-1984,Western Australia,3691,15677282,235.4362191
Mar-1985,Western Australia,3429,15900566,215.6527007
Jun-1985,Western Australia,3373,15900566,212.1308135
Sep-1985,Western Australia,3313,15900566,208.3573629
Dec-1985,Western Australia,3348,15900566,210.5585424
Mar-1986,Western Australia,3109,16138769,192.6417064
Jun-1986,Western Australia,3310,16138769,205.0961879
Sep-1986,Western Australia,3048,16138769,188.8619882
Dec-1986,Western Australia,2828,16138769,175.2302174
Mar-1987,Western Australia,3421,16394641,208.6657463
Jun-1987,Western Australia,2908,16394641,177.3750337
Sep-1987,Western Australia,3262,16394641,198.9674553
Dec-1987,Western Australia,3322,16394641,202.6271877
Mar-1988,Western Australia,3778,16687082,226.4026748
Jun-1988,Western Australia,4206,16687082,252.0512574
Sep-1988,Western Australia,4890,16687082,293.0410482
Dec-1988,Western Australia,5015,16687082,300.5318725
Mar-1989,Western Australia,5162,16936723,304.7815094
Jun-1989,Western Australia,4622,16936723,272.8981279
Sep-1989,Western Australia,2971,16936723,175.4176413
Dec-1989,Western Australia,2508,16936723,148.0805939
Mar-1990,Western Australia,3352,17169768,195.2268662
Jun-1990,Western Australia,2494,17169768,145.2553115
Sep-1990,Western Australia,2590,17169768,150.8465344
Dec-1990,Western Australia,2661,17169768,154.9817097
Mar-1991,Western Australia,2467,17378981,141.9530869
Jun-1991,Western Australia,2599,17378981,149.5484689
Sep-1991,Western Australia,2937,17378981,168.9972502
Dec-1991,Western Australia,2893,17378981,166.4654562
Mar-1992,Western Australia,3057,17557133,174.1172662
Jun-1992,Western Australia,3387,17557133,192.9130457
Sep-1992,Western Australia,3471,17557133,197.6974259
Dec-1992,Western Australia,3722,17557133,211.9936097
Mar-1993,Western Australia,3961,17719090,223.5442114
Jun-1993,Western Australia,3871,17719090,218.4649437
Sep-1993,Western Australia,4316,17719090,243.5791003
Dec-1993,Western Australia,4429,17719090,249.956403
Mar-1994,Western Australia,4593,17893433,256.6863497
Jun-1994,Western Australia,4775,17893433,266.857679
Sep-1994,Western Australia,4667,17893433,260.8219451
Dec-1994,Western Australia,4243,17893433,237.126101
Mar-1995,Western Australia,3878,18119616,214.0221956
Jun-1995,Western Australia,3409,18119616,188.1386449
Sep-1995,Western Australia,3055,18119616,168.601807
Dec-1995,Western Australia,2864,18119616,158.0607448
Mar-1996,Western Australia,2780,18330079,151.6632852
Jun-1996,Western Australia,2806,18330079,153.0817189
Sep-1996,Western Australia,2818,18330079,153.7363805
Dec-1996,Western Australia,2994,18330079,163.3380849
Mar-1997,Western Australia,3377,18510004,182.4418839
Jun-1997,Western Australia,3381,18510004,182.6579832
Sep-1997,Western Australia,3412,18510004,184.3327533
Dec-1997,Western Australia,3655,18510004,197.4607893
Mar-1998,Western Australia,3787,18705620,202.452525
Jun-1998,Western Australia,3997,18705620,213.6790975
Sep-1998,Western Australia,4249,18705620,227.1509846
Dec-1998,Western Australia,3827,18705620,204.5909197
Mar-1999,Western Australia,3706,18919210,195.8855576
Jun-1999,Western Australia,4205,18919210,222.2608661
Sep-1999,Western Australia,4617,18919210,244.0376739
Dec-1999,Western Australia,4502,18919210,237.959196
Mar-2000,Western Australia,5782,19141036,302.0735137
Jun-2000,Western Australia,3891,19141036,203.280533
Sep-2000,Western Australia,2724,19141036,142.3120462
Dec-2000,Western Australia,2814,19141036,147.0139861
Mar-2001,Western Australia,2506,19386461,129.2654704
Jun-2001,Western Australia,2837,19386461,146.3392416
Sep-2001,Western Australia,3822,19386461,197.1478962
Dec-2001,Western Australia,4201,19386461,216.6976221
Mar-2002,Western Australia,4126,19605441,210.4517822
Jun-2002,Western Australia,4206,19605441,214.5322821
Sep-2002,Western Australia,4485,19605441,228.7630255
Dec-2002,Western Australia,3649,19605441,186.1218016
Mar-2003,Western Australia,4638,19827155,233.921609
Jun-2003,Western Australia,4188,19827155,211.2254633
Sep-2003,Western Australia,4385,19827155,221.1613315
Dec-2003,Western Australia,4619,19827155,232.9633273
Mar-2004,Western Australia,5002,20046003,249.5260526
Jun-2004,Western Australia,4638,20046003,231.3678193
Sep-2004,Western Australia,4499,20046003,224.4337687
Dec-2004,Western Australia,4448,20046003,221.8896206
Mar-2005,Western Australia,4508,20311543,221.9427643
Jun-2005,Western Australia,4767,20311543,234.6941343
Sep-2005,Western Australia,5449,20311543,268.2711008
Dec-2005,Western Australia,5191,20311543,255.5689639
Mar-2006,Western Australia,5254,20627547,254.7079398
Jun-2006,Western Australia,5847,20627547,283.4559049
Sep-2006,Western Australia,5463,20627547,264.8400219
Dec-2006,Western Australia,5003,20627547,242.5397455
Mar-2007,Western Australia,4768,21016121,226.8734559
Jun-2007,Western Australia,4639,21016121,220.7353108
Sep-2007,Western Australia,4310,21016121,205.0806617
Dec-2007,Western Australia,4061,21016121,193.2326141
Mar-2008,Western Australia,3797,21475625,176.8050988
Jun-2008,Western Australia,4837,21475625,225.2320945
Sep-2008,Western Australia,3366,21475625,156.7358342
Dec-2008,Western Australia,3723,21475625,173.3593318
Mar-2009,Western Australia,3764,21865623,172.1423625
Jun-2009,Western Australia,4001,21865623,182.9812944
Sep-2009,Western Australia,4839,21865623,221.3062944
Dec-2009,Western Australia,4717,21865623,215.7267598
Mar-2010,Western Australia,5548,22172469,250.2202168
Jun-2010,Western Australia,5026,22172469,226.6775071
Sep-2010,Western Australia,4393,22172469,198.1285891
Dec-2010,Western Australia,4203,22172469,189.5594036
Mar-2011,Western Australia,4249,22522197,188.6583267
Jun-2011,Western Australia,4230,22522197,187.8147145
Sep-2011,Western Australia,3975,22522197,176.4925509
Dec-2011,Western Australia,3798,22522197,168.6336373
Mar-2012,Western Australia,3656,22928023,159.4555274
Jun-2012,Western Australia,3284,22928023,143.2308403
Sep-2012,Western Australia,4194,22928023,182.9202631
Dec-2012,Western Australia,5049,22928023,220.2108747
Mar-2013,Western Australia,4566,23297777,195.9843637
Jun-2013,Western Australia,5285,23297777,226.8456772
Sep-2013,Western Australia,5557,23297777,238.5206108
Dec-2013,Western Australia,5411,23297777,232.2539185
Mar-2014,Western Australia,5917,23640331,250.2926038
Jun-2014,Western Australia,6280,23640331,265.6477187
Sep-2014,Western Australia,6215,23640331,262.8981802
Dec-2014,Western Australia,6080,23640331,257.1876003
Mar-2015,Western Australia,5849,23984581,243.8650064
Jun-2015,Western Australia,5413,23984581,225.6866609
Sep-2015,Western Australia,5209,23984581,217.1811965
Dec-2015,Western Australia,4522,23984581,188.5377943
Mar-2016,Western Australia,4259,24385064,174.6560928
Jun-2016,Western Australia,4018,24385064,164.7729938
Sep-2016,Western Australia,3671,24385064,150.5429717
Dec-2016,Western Australia,3744,24385064,153.5366075
Mar-2017,Western Australia,3445,24759018,139.1412212
Jun-2017,Western Australia,3573,24759018,144.3110547
Sep-2017,Western Australia,3488,24759018,140.8779621
Dec-2017,Western Australia,3534,24759018,142.735871
Mar-2018,Western Australia,3427,25146140,136.2833421
Jun-2018,Western Australia,3081,25146140,122.523775
Sep-2018,Western Australia,3269,25146140,130.0000716
Dec-2018,Western Australia,2921,25146140,116.1609694
Mar-2019,Western Australia,2804,25520468,109.8725932
Jun-2019,Western Australia,2935,25520468,115.005728
Sep-2019,Western Australia,2654,25520468,103.9949581
Dec-2019,Western Australia,2738,25520468,107.2864338
Mar-2020,Western Australia,2697,25630698,105.2253825
Jun-2020,Western Australia,2468,25630698,96.29078381
Sep-2020,Western Australia,2832,25630698,110.4925039
Dec-2020,Western Australia,5258,25630698,205.1446277
Mar-2021,Western Australia,6451,25760867,250.4185903
Jun-2021,Western Australia,5659,25760867,219.6742835
Sep-2021,Western Australia,4696,25760867,182.2920013
Dec-2021,Western Australia,5125,25760867,198.9451675
Mar-2022,Western Australia,3930,26302450,149.4157388
Jun-2022,Western Australia,4446,26302450,169.0336832
Sep-2022,Western Australia,3037,26302450,115.464529
Dec-2022,Western Australia,4045,26302450,153.7879551
Mar-2023,Western Australia,3032,26946369,112.5197981
Jun-2023,Western Australia,2778,26946369,103.0936673
Sep-2023,Western Australia,3122,26946369,115.8597657
Dec-2023,Western Australia,2753,26946369,102.1658985
Mar-2024,Western Australia,3751,27095255,138.4375235
Jun-2024,Western Australia,3599,27095255,132.8276851
Sep-1980,Tasmania,679,14807370,45.85554356
Dec-1980,Tasmania,659,14807370,44.50486481
Mar-1981,Tasmania,540,15054117,35.8705861
Jun-1981,Tasmania,566,15054117,37.59768839
Sep-1981,Tasmania,545,15054117,36.20272116
Dec-1981,Tasmania,524,15054117,34.80775392
Mar-1982,Tasmania,437,15288891,28.58284489
Jun-1982,Tasmania,433,15288891,28.32121702
Sep-1982,Tasmania,418,15288891,27.3401125
Dec-1982,Tasmania,382,15288891,24.98546167
Mar-1983,Tasmania,403,15483496,26.02771364
Jun-1983,Tasmania,548,15483496,35.39252376
Sep-1983,Tasmania,552,15483496,35.65086335
Dec-1983,Tasmania,737,15483496,47.59906936
Mar-1984,Tasmania,629,15677282,40.1217507
Jun-1984,Tasmania,698,15677282,44.52302383
Sep-1984,Tasmania,754,15677282,48.09507158
Dec-1984,Tasmania,790,15677282,50.391388
Mar-1985,Tasmania,733,15900566,46.09898792
Jun-1985,Tasmania,798,15900566,50.18689272
Sep-1985,Tasmania,719,15900566,45.21851612
Dec-1985,Tasmania,777,15900566,48.86618502
Mar-1986,Tasmania,701,16138769,43.43577878
Jun-1986,Tasmania,721,16138769,44.67503067
Sep-1986,Tasmania,621,16138769,38.47877121
Dec-1986,Tasmania,625,16138769,38.72662159
Mar-1987,Tasmania,639,16394641,38.9761508
Jun-1987,Tasmania,594,16394641,36.23135145
Sep-1987,Tasmania,633,16394641,38.61017756
Dec-1987,Tasmania,563,16394641,34.34048968
Mar-1988,Tasmania,661,16687082,39.61147911
Jun-1988,Tasmania,657,16687082,39.37177273
Sep-1988,Tasmania,664,16687082,39.79125889
Dec-1988,Tasmania,647,16687082,38.77250678
Mar-1989,Tasmania,641,16936723,37.84675465
Jun-1989,Tasmania,704,16936723,41.56648249
Sep-1989,Tasmania,664,16936723,39.20475053
Dec-1989,Tasmania,663,16936723,39.14570723
Mar-1990,Tasmania,595,17169768,34.65393359
Jun-1990,Tasmania,641,17169768,37.33306123
Sep-1990,Tasmania,586,17169768,34.12975644
Dec-1990,Tasmania,593,17169768,34.53744978
Mar-1991,Tasmania,596,17378981,34.29430068
Jun-1991,Tasmania,627,17378981,36.07806465
Sep-1991,Tasmania,667,17378981,38.37969556
Dec-1991,Tasmania,673,17378981,38.7249402
Mar-1992,Tasmania,684,17557133,38.95852472
Jun-1992,Tasmania,680,17557133,38.73069709
Sep-1992,Tasmania,716,17557133,40.78114576
Dec-1992,Tasmania,718,17557133,40.89505957
Mar-1993,Tasmania,724,17719090,40.85988615
Jun-1993,Tasmania,720,17719090,40.63414092
Sep-1993,Tasmania,787,17719090,44.41537348
Dec-1993,Tasmania,679,17719090,38.32025234
Mar-1994,Tasmania,811,17893433,45.32389061
Jun-1994,Tasmania,753,17893433,42.08247797
Sep-1994,Tasmania,704,17893433,39.34404315
Dec-1994,Tasmania,650,17893433,36.3261762
Mar-1995,Tasmania,588,18119616,32.45101883
Jun-1995,Tasmania,607,18119616,33.49960617
Sep-1995,Tasmania,514,18119616,28.36704707
Dec-1995,Tasmania,489,18119616,26.98732688
Mar-1996,Tasmania,474,18330079,25.85913569
Jun-1996,Tasmania,404,18330079,22.04027599
Sep-1996,Tasmania,411,18330079,22.42216196
Dec-1996,Tasmania,418,18330079,22.80404793
Mar-1997,Tasmania,366,18510004,19.77309135
Jun-1997,Tasmania,363,18510004,19.61101683
Sep-1997,Tasmania,344,18510004,18.58454488
Dec-1997,Tasmania,342,18510004,18.4764952
Mar-1998,Tasmania,356,18705620,19.03171346
Jun-1998,Tasmania,346,18705620,18.49711477
Sep-1998,Tasmania,325,18705620,17.37445752
Dec-1998,Tasmania,301,18705620,16.09142065
Mar-1999,Tasmania,333,18919210,17.60115777
Jun-1999,Tasmania,307,18919210,16.22689319
Sep-1999,Tasmania,325,18919210,17.17830713
Dec-1999,Tasmania,328,18919210,17.33687612
Mar-2000,Tasmania,435,19141036,22.72604262
Jun-2000,Tasmania,453,19141036,23.66643059
Sep-2000,Tasmania,251,19141036,13.11318781
Dec-2000,Tasmania,280,19141036,14.62825732
Mar-2001,Tasmania,201,19386461,10.36806047
Jun-2001,Tasmania,296,19386461,15.26838756
Sep-2001,Tasmania,339,19386461,17.48643035
Dec-2001,Tasmania,430,19386461,22.18042788
Mar-2002,Tasmania,492,19605441,25.09507437
Jun-2002,Tasmania,487,19605441,24.84004313
Sep-2002,Tasmania,498,19605441,25.40111186
Dec-2002,Tasmania,421,19605441,21.47363071
Mar-2003,Tasmania,455,19827155,22.94832516
Jun-2003,Tasmania,500,19827155,25.21793974
Sep-2003,Tasmania,593,19827155,29.90847653
Dec-2003,Tasmania,611,19827155,30.81632236
Mar-2004,Tasmania,640,20046003,31.92656411
Jun-2004,Tasmania,667,20046003,33.27346604
Sep-2004,Tasmania,565,20046003,28.18516988
Dec-2004,Tasmania,643,20046003,32.07621988
Mar-2005,Tasmania,645,20311543,31.75534227
Jun-2005,Tasmania,576,20311543,28.35825914
Sep-2005,Tasmania,608,20311543,29.93371798
Dec-2005,Tasmania,501,20311543,24.66577748
Mar-2006,Tasmania,562,20627547,27.24512032
Jun-2006,Tasmania,590,20627547,28.60252845
Sep-2006,Tasmania,581,20627547,28.1662187
Dec-2006,Tasmania,649,20627547,31.4627813
Mar-2007,Tasmania,670,21016121,31.88028847
Jun-2007,Tasmania,572,21016121,27.2172015
Sep-2007,Tasmania,547,21016121,26.0276385
Dec-2007,Tasmania,670,21016121,31.88028847
Mar-2008,Tasmania,595,21475625,27.70582928
Jun-2008,Tasmania,663,21475625,30.87220977
Sep-2008,Tasmania,666,21475625,31.01190303
Dec-2008,Tasmania,567,21475625,26.40202555
Mar-2009,Tasmania,545,21865623,24.92497012
Jun-2009,Tasmania,674,21865623,30.82464195
Sep-2009,Tasmania,641,21865623,29.31542358
Dec-2009,Tasmania,699,21865623,31.9679892
Mar-2010,Tasmania,677,22172469,30.53336099
Jun-2010,Tasmania,556,22172469,25.07614285
Sep-2010,Tasmania,597,22172469,26.92528288
Dec-2010,Tasmania,539,22172469,24.30942625
Mar-2011,Tasmania,497,22522197,22.06711894
Jun-2011,Tasmania,570,22522197,25.30836579
Sep-2011,Tasmania,457,22522197,20.29109327
Dec-2011,Tasmania,445,22522197,19.75828557
Mar-2012,Tasmania,463,22928023,20.19362943
Jun-2012,Tasmania,375,22928023,16.35553139
Sep-2012,Tasmania,392,22928023,17.09698215
Dec-2012,Tasmania,403,22928023,17.57674441
Mar-2013,Tasmania,373,23297777,16.01011118
Jun-2013,Tasmania,357,23297777,15.32335038
Sep-2013,Tasmania,398,23297777,17.08317493
Dec-2013,Tasmania,362,23297777,15.53796313
Mar-2014,Tasmania,409,23640331,17.30094219
Jun-2014,Tasmania,470,23640331,19.88127831
Sep-2014,Tasmania,507,23640331,21.44640022
Dec-2014,Tasmania,586,23640331,24.788147
Mar-2015,Tasmania,579,23984581,24.14050927
Jun-2015,Tasmania,649,23984581,27.05905098
Sep-2015,Tasmania,608,23984581,25.34961941
Dec-2015,Tasmania,456,23984581,19.01221456
Mar-2016,Tasmania,525,24385064,21.52957236
Jun-2016,Tasmania,453,24385064,18.5769453
Sep-2016,Tasmania,435,24385064,17.83878853
Dec-2016,Tasmania,438,24385064,17.96181466
Mar-2017,Tasmania,436,24759018,17.60974527
Jun-2017,Tasmania,443,24759018,17.89247053
Sep-2017,Tasmania,462,24759018,18.65986769
Dec-2017,Tasmania,538,24759018,21.72945631
Mar-2018,Tasmania,619,25146140,24.6161041
Jun-2018,Tasmania,680,25146140,27.04192373
Sep-2018,Tasmania,629,25146140,25.01377945
Dec-2018,Tasmania,690,25146140,27.43959908
Mar-2019,Tasmania,729,25520468,28.56530687
Jun-2019,Tasmania,640,25520468,25.07791001
Sep-2019,Tasmania,672,25520468,26.33180551
Dec-2019,Tasmania,685,25520468,26.84120056
Mar-2020,Tasmania,669,25630698,26.10151312
Jun-2020,Tasmania,712,25630698,27.77918885
Sep-2020,Tasmania,786,25630698,30.66635173
Dec-2020,Tasmania,889,25630698,34.68497034
Mar-2021,Tasmania,1001,25760867,38.85738784
Jun-2021,Tasmania,1199,25760867,46.54346455
Sep-2021,Tasmania,883,25760867,34.27679666
Dec-2021,Tasmania,615,25760867,23.8734201
Mar-2022,Tasmania,759,26302450,28.85662742
Jun-2022,Tasmania,809,26302450,30.75759102
Sep-2022,Tasmania,646,26302450,24.56044969
Dec-2022,Tasmania,745,26302450,28.32435762
Mar-2023,Tasmania,689,26946369,25.56930769
Jun-2023,Tasmania,684,26946369,25.38375393
Sep-2023,Tasmania,656,26946369,24.34465289
Dec-2023,Tasmania,535,26946369,19.85425198
Mar-2024,Tasmania,489,27095255,18.04744041
Jun-2024,Tasmania,528,27095255,19.48680682
Sep-1980,Northern Territory,194,14807370,13.10158387
Dec-1980,Northern Territory,347,14807370,23.43427631
Mar-1981,Northern Territory,422,15054117,28.03219877
Jun-1981,Northern Territory,266,15054117,17.669585
Sep-1981,Northern Territory,247,15054117,16.40747179
Dec-1981,Northern Territory,364,15054117,24.17943211
Mar-1982,Northern Territory,300,15288891,19.62209031
Jun-1982,Northern Territory,260,15288891,17.00581161
Sep-1982,Northern Territory,247,15288891,16.15552103
Dec-1982,Northern Territory,444,15288891,29.04069366
Mar-1983,Northern Territory,322,15483496,20.79633695
Jun-1983,Northern Territory,378,15483496,24.4130912
Sep-1983,Northern Territory,321,15483496,20.73175205
Dec-1983,Northern Territory,332,15483496,21.44218592
Mar-1984,Northern Territory,428,15677282,27.30065071
Jun-1984,Northern Territory,404,15677282,25.7697731
Sep-1984,Northern Territory,383,15677282,24.43025519
Dec-1984,Northern Territory,370,15677282,23.60102982
Mar-1985,Northern Territory,395,15900566,24.84188299
Jun-1985,Northern Territory,438,15900566,27.54618924
Sep-1985,Northern Territory,377,15900566,23.70984781
Dec-1985,Northern Territory,224,15900566,14.08754883
Mar-1986,Northern Territory,293,16138769,18.1550402
Jun-1986,Northern Territory,200,16138769,12.39251891
Sep-1986,Northern Territory,171,16138769,10.59560367
Dec-1986,Northern Territory,163,16138769,10.09990291
Mar-1987,Northern Territory,181,16394641,11.04019295
Jun-1987,Northern Territory,317,16394641,19.33558655
Sep-1987,Northern Territory,234,16394641,14.27295663
Dec-1987,Northern Territory,325,16394641,19.82355088
Mar-1988,Northern Territory,116,16687082,6.951484987
Jun-1988,Northern Territory,122,16687082,7.311044555
Sep-1988,Northern Territory,135,16687082,8.090090287
Dec-1988,Northern Territory,193,16687082,11.56583278
Mar-1989,Northern Territory,95,16936723,5.609113404
Jun-1989,Northern Territory,157,16936723,9.269797941
Sep-1989,Northern Territory,144,16936723,8.502235055
Dec-1989,Northern Territory,116,16936723,6.849022683
Mar-1990,Northern Territory,158,17169768,9.20222102
Jun-1990,Northern Territory,164,17169768,9.551672451
Sep-1990,Northern Territory,123,17169768,7.163754338
Dec-1990,Northern Territory,190,17169768,11.06596199
Mar-1991,Northern Territory,137,17378981,7.883085896
Jun-1991,Northern Territory,140,17378981,8.055708214
Sep-1991,Northern Territory,155,17378981,8.918819809
Dec-1991,Northern Territory,179,17378981,10.29979836
Mar-1992,Northern Territory,318,17557133,18.11229658
Jun-1992,Northern Territory,266,17557133,15.15053739
Sep-1992,Northern Territory,217,17557133,12.35964892
Dec-1992,Northern Territory,173,17557133,9.853544995
Mar-1993,Northern Territory,184,17719090,10.38428046
Jun-1993,Northern Territory,256,17719090,14.44769455
Sep-1993,Northern Territory,342,17719090,19.30121694
Dec-1993,Northern Territory,240,17719090,13.54471364
Mar-1994,Northern Territory,320,17893433,17.88365598
Jun-1994,Northern Territory,313,17893433,17.492451
Sep-1994,Northern Territory,203,17893433,11.34494426
Dec-1994,Northern Territory,233,17893433,13.02153701
Mar-1995,Northern Territory,224,18119616,12.36229289
Jun-1995,Northern Territory,287,18119616,15.83918776
Sep-1995,Northern Territory,267,18119616,14.73541161
Dec-1995,Northern Territory,232,18119616,12.80380335
Mar-1996,Northern Territory,161,18330079,8.783377311
Jun-1996,Northern Territory,213,18330079,11.62024452
Sep-1996,Northern Territory,220,18330079,12.00213049
Dec-1996,Northern Territory,266,18330079,14.51166686
Mar-1997,Northern Territory,252,18510004,13.61425962
Jun-1997,Northern Territory,245,18510004,13.23608574
Sep-1997,Northern Territory,313,18510004,16.90977484
Dec-1997,Northern Territory,270,18510004,14.58670673
Mar-1998,Northern Territory,317,18705620,16.94677856
Jun-1998,Northern Territory,316,18705620,16.89331869
Sep-1998,Northern Territory,368,18705620,19.6732319
Dec-1998,Northern Territory,454,18705620,24.27078065
Mar-1999,Northern Territory,314,18919210,16.5968875
Jun-1999,Northern Territory,298,18919210,15.75118623
Sep-1999,Northern Territory,272,18919210,14.37692166
Dec-1999,Northern Territory,253,18919210,13.3726514
Mar-2000,Northern Territory,238,19141036,12.43401872
Jun-2000,Northern Territory,182,19141036,9.508367259
Sep-2000,Northern Territory,170,19141036,8.881441945
Dec-2000,Northern Territory,116,19141036,6.060278033
Mar-2001,Northern Territory,93,19386461,4.797162308
Jun-2001,Northern Territory,177,19386461,9.130083103
Sep-2001,Northern Territory,169,19386461,8.71742398
Dec-2001,Northern Territory,158,19386461,8.150017685
Mar-2002,Northern Territory,146,19605441,7.446912314
Jun-2002,Northern Territory,170,19605441,8.671062283
Sep-2002,Northern Territory,154,19605441,7.854962304
Dec-2002,Northern Territory,126,19605441,6.426787339
Mar-2003,Northern Territory,119,19827155,6.001869658
Jun-2003,Northern Territory,127,19827155,6.405356694
Sep-2003,Northern Territory,143,19827155,7.212330766
Dec-2003,Northern Territory,135,19827155,6.80884373
Mar-2004,Northern Territory,110,20046003,5.487378207
Jun-2004,Northern Territory,128,20046003,6.385312823
Sep-2004,Northern Territory,151,20046003,7.532673721
Dec-2004,Northern Territory,170,20046003,8.480493593
Mar-2005,Northern Territory,154,20311543,7.581895674
Jun-2005,Northern Territory,157,20311543,7.72959494
Sep-2005,Northern Territory,148,20311543,7.286497141
Dec-2005,Northern Territory,169,20311543,8.320392006
Mar-2006,Northern Territory,179,20627547,8.67771626
Jun-2006,Northern Territory,190,20627547,9.210983739
Sep-2006,Northern Territory,201,20627547,9.744251219
Dec-2006,Northern Territory,130,20627547,6.302252032
Mar-2007,Northern Territory,202,21016121,9.611669061
Jun-2007,Northern Territory,223,21016121,10.61090198
Sep-2007,Northern Territory,162,21016121,7.708368257
Dec-2007,Northern Territory,136,21016121,6.471222734
Mar-2008,Northern Territory,173,21475625,8.055644481
Jun-2008,Northern Territory,133,21475625,6.193067722
Sep-2008,Northern Territory,123,21475625,5.727423532
Dec-2008,Northern Territory,184,21475625,8.567853089
Mar-2009,Northern Territory,154,21865623,7.043019081
Jun-2009,Northern Territory,218,21865623,9.969988049
Sep-2009,Northern Territory,225,21865623,10.29012528
Dec-2009,Northern Territory,221,21865623,10.10718972
Mar-2010,Northern Territory,222,22172469,10.01241675
Jun-2010,Northern Territory,164,22172469,7.396560121
Sep-2010,Northern Territory,190,22172469,8.569185507
Dec-2010,Northern Territory,228,22172469,10.28302261
Mar-2011,Northern Territory,216,22522197,9.590538614
Jun-2011,Northern Territory,166,22522197,7.370506527
Sep-2011,Northern Territory,273,22522197,12.12137519
Dec-2011,Northern Territory,220,22522197,9.768141181
Mar-2012,Northern Territory,131,22928023,5.713532301
Jun-2012,Northern Territory,206,22928023,8.98463858
Sep-2012,Northern Territory,273,22928023,11.90682686
Dec-2012,Northern Territory,203,22928023,8.853794328
Mar-2013,Northern Territory,157,23297777,6.738840362
Jun-2013,Northern Territory,184,23297777,7.897749214
Sep-2013,Northern Territory,229,23297777,9.829263968
Dec-2013,Northern Territory,174,23297777,7.468523714
Mar-2014,Northern Territory,251,23640331,10.61744863
Jun-2014,Northern Territory,230,23640331,9.729136195
Sep-2014,Northern Territory,210,23640331,8.883124352
Dec-2014,Northern Territory,201,23640331,8.502419023
Mar-2015,Northern Territory,224,23984581,9.339333466
Jun-2015,Northern Territory,234,23984581,9.756267996
Sep-2015,Northern Territory,248,23984581,10.33997634
Dec-2015,Northern Territory,200,23984581,8.338690595
Mar-2016,Northern Territory,233,24385064,9.555029259
Jun-2016,Northern Territory,206,24385064,8.447794109
Sep-2016,Northern Territory,171,24385064,7.012489284
Dec-2016,Northern Territory,247,24385064,10.12915119
Mar-2017,Northern Territory,165,24759018,6.664238461
Jun-2017,Northern Territory,235,24759018,9.491491141
Sep-2017,Northern Territory,151,24759018,6.098787924
Dec-2017,Northern Territory,153,24759018,6.179566572
Mar-2018,Northern Territory,159,25146140,6.323038049
Jun-2018,Northern Territory,148,25146140,5.885595165
Sep-2018,Northern Territory,165,25146140,6.561643258
Dec-2018,Northern Territory,120,25146140,4.772104188
Mar-2019,Northern Territory,102,25520468,3.996791908
Jun-2019,Northern Territory,109,25520468,4.271081549
Sep-2019,Northern Territory,108,25520468,4.231897315
Dec-2019,Northern Territory,100,25520468,3.91842344
Mar-2020,Northern Territory,99,25630698,3.862555752
Jun-2020,Northern Territory,89,25630698,3.472398606
Sep-2020,Northern Territory,126,25630698,4.915980049
Dec-2020,Northern Territory,176,25630698,6.866765782
Mar-2021,Northern Territory,153,25760867,5.939241098
Jun-2021,Northern Territory,270,25760867,10.4810137
Sep-2021,Northern Territory,99,25760867,3.843038357
Dec-2021,Northern Territory,89,25760867,3.454852665
Mar-2022,Northern Territory,105,26302450,3.992023557
Jun-2022,Northern Territory,92,26302450,3.497773021
Sep-2022,Northern Territory,174,26302450,6.615353323
Dec-2022,Northern Territory,119,26302450,4.524293364
Mar-2023,Northern Territory,117,26946369,4.341957909
Jun-2023,Northern Territory,106,26946369,3.933739644
Sep-2023,Northern Territory,80,26946369,2.968860109
Dec-2023,Northern Territory,84,26946369,3.117303114
Mar-2024,Northern Territory,75,27095255,2.768012333
Jun-2024,Northern Territory,97,27095255,3.579962617
Sep-1980,Australian Capital Territory,325,14807370,21.94852968
Dec-1980,Australian Capital Territory,322,14807370,21.74592787
Mar-1981,Australian Capital Territory,423,15054117,28.09862578
Jun-1981,Australian Capital Territory,566,15054117,37.59768839
Sep-1981,Australian Capital Territory,473,15054117,31.41997634
Dec-1981,Australian Capital Territory,467,15054117,31.02141427
Mar-1982,Australian Capital Territory,448,15288891,29.30232154
Jun-1982,Australian Capital Territory,271,15288891,17.72528825
Sep-1982,Australian Capital Territory,373,15288891,24.39679896
Dec-1982,Australian Capital Territory,358,15288891,23.41569444
Mar-1983,Australian Capital Territory,353,15483496,22.79846877
Jun-1983,Australian Capital Territory,353,15483496,22.79846877
Sep-1983,Australian Capital Territory,431,15483496,27.83609076
Dec-1983,Australian Capital Territory,339,15483496,21.89428021
Mar-1984,Australian Capital Territory,357,15677282,22.77180445
Jun-1984,Australian Capital Territory,465,15677282,29.66075369
Sep-1984,Australian Capital Territory,616,15677282,39.29252532
Dec-1984,Australian Capital Territory,572,15677282,36.48591637
Mar-1985,Australian Capital Territory,887,15900566,55.78417775
Jun-1985,Australian Capital Territory,777,15900566,48.86618502
Sep-1985,Australian Capital Territory,754,15900566,47.41969563
Dec-1985,Australian Capital Territory,795,15900566,49.99822019
Mar-1986,Australian Capital Territory,710,16138769,43.99344213
Jun-1986,Australian Capital Territory,546,16138769,33.83157662
Sep-1986,Australian Capital Territory,563,16138769,34.88494073
Dec-1986,Australian Capital Territory,514,16138769,31.8487736
Mar-1987,Australian Capital Territory,365,16394641,22.26337253
Jun-1987,Australian Capital Territory,213,16394641,12.99205027
Sep-1987,Australian Capital Territory,395,16394641,24.09323876
Dec-1987,Australian Capital Territory,335,16394641,20.43350629
Mar-1988,Australian Capital Territory,434,16687082,26.00814211
Jun-1988,Australian Capital Territory,567,16687082,33.9783792
Sep-1988,Australian Capital Territory,479,16687082,28.70483887
Dec-1988,Australian Capital Territory,515,16687082,30.86219628
Mar-1989,Australian Capital Territory,426,16936723,25.15244537
Jun-1989,Australian Capital Territory,493,16936723,29.1083464
Sep-1989,Australian Capital Territory,413,16936723,24.38488248
Dec-1989,Australian Capital Territory,305,16936723,18.00820619
Mar-1990,Australian Capital Territory,439,17169768,25.56819638
Jun-1990,Australian Capital Territory,320,17169768,18.63740966
Sep-1990,Australian Capital Territory,225,17169768,13.10442867
Dec-1990,Australian Capital Territory,283,17169768,16.48245917
Mar-1991,Australian Capital Territory,288,17378981,16.57174261
Jun-1991,Australian Capital Territory,326,17378981,18.75829199
Sep-1991,Australian Capital Territory,452,17378981,26.00842938
Dec-1991,Australian Capital Territory,395,17378981,22.72860532
Mar-1992,Australian Capital Territory,576,17557133,32.80717871
Jun-1992,Australian Capital Territory,620,17557133,35.31328264
Sep-1992,Australian Capital Territory,641,17557133,36.5093777
Dec-1992,Australian Capital Territory,691,17557133,39.35722307
Mar-1993,Australian Capital Territory,519,17719090,29.29044325
Jun-1993,Australian Capital Territory,564,17719090,31.83007705
Sep-1993,Australian Capital Territory,547,17719090,30.87065984
Dec-1993,Australian Capital Territory,419,17719090,23.64681256
Mar-1994,Australian Capital Territory,420,17893433,23.47229847
Jun-1994,Australian Capital Territory,359,17893433,20.06322655
Sep-1994,Australian Capital Territory,464,17893433,25.93130117
Dec-1994,Australian Capital Territory,366,17893433,20.45443152
Mar-1995,Australian Capital Territory,381,18119616,21.02693567
Jun-1995,Australian Capital Territory,313,18119616,17.27409676
Sep-1995,Australian Capital Territory,325,18119616,17.93636245
Dec-1995,Australian Capital Territory,372,18119616,20.5302364
Mar-1996,Australian Capital Territory,248,18330079,13.52967437
Jun-1996,Australian Capital Territory,328,18330079,17.89408545
Sep-1996,Australian Capital Territory,277,18330079,15.11177339
Dec-1996,Australian Capital Territory,277,18330079,15.11177339
Mar-1997,Australian Capital Territory,314,18510004,16.96379968
Jun-1997,Australian Capital Territory,283,18510004,15.28902965
Sep-1997,Australian Capital Territory,239,18510004,12.9119367
Dec-1997,Australian Capital Territory,284,18510004,15.34305449
Mar-1998,Australian Capital Territory,275,18705620,14.70146405
Jun-1998,Australian Capital Territory,221,18705620,11.81463111
Sep-1998,Australian Capital Territory,459,18705620,24.53808
Dec-1998,Australian Capital Territory,255,18705620,13.63226667
Mar-1999,Australian Capital Territory,310,18919210,16.38546218
Jun-1999,Australian Capital Territory,352,18919210,18.60542803
Sep-1999,Australian Capital Territory,285,18919210,15.06405394
Dec-1999,Australian Capital Territory,365,18919210,19.29256031
Mar-2000,Australian Capital Territory,413,19141036,21.57667955
Jun-2000,Australian Capital Territory,390,19141036,20.3750727
Sep-2000,Australian Capital Territory,258,19141036,13.47889425
Dec-2000,Australian Capital Territory,279,19141036,14.57601354
Mar-2001,Australian Capital Territory,253,19386461,13.05034477
Jun-2001,Australian Capital Territory,221,19386461,11.39970828
Sep-2001,Australian Capital Territory,310,19386461,15.99054103
Dec-2001,Australian Capital Territory,259,19386461,13.35983912
Mar-2002,Australian Capital Territory,277,19605441,14.1287309
Jun-2002,Australian Capital Territory,338,19605441,17.24011207
Sep-2002,Australian Capital Territory,438,19605441,22.34073694
Dec-2002,Australian Capital Territory,485,19605441,24.73803063
Mar-2003,Australian Capital Territory,441,19827155,22.24222285
Jun-2003,Australian Capital Territory,425,19827155,21.43524878
Sep-2003,Australian Capital Territory,400,19827155,20.17435179
Dec-2003,Australian Capital Territory,435,19827155,21.93960757
Mar-2004,Australian Capital Territory,373,20046003,18.60720065
Jun-2004,Australian Capital Territory,257,20046003,12.8205109
Sep-2004,Australian Capital Territory,234,20046003,11.67315
Dec-2004,Australian Capital Territory,196,20046003,9.77751026
Mar-2005,Australian Capital Territory,215,20311543,10.58511409
Jun-2005,Australian Capital Territory,308,20311543,15.16379135
Sep-2005,Australian Capital Territory,275,20311543,13.53909942
Dec-2005,Australian Capital Territory,194,20311543,9.551219225
Mar-2006,Australian Capital Territory,369,20627547,17.8887
Jun-2006,Australian Capital Territory,225,20627547,10.9077439
Sep-2006,Australian Capital Territory,343,20627547,16.62824959
Dec-2006,Australian Capital Territory,388,20627547,18.80979837
Mar-2007,Australian Capital Territory,265,21016121,12.60936783
Jun-2007,Australian Capital Territory,248,21016121,11.80046499
Sep-2007,Australian Capital Territory,296,21016121,14.08442595
Dec-2007,Australian Capital Territory,321,21016121,15.27398895
Mar-2008,Australian Capital Territory,306,21475625,14.2487122
Jun-2008,Australian Capital Territory,353,21475625,16.43723989
Sep-2008,Australian Capital Territory,280,21475625,13.03803731
Dec-2008,Australian Capital Territory,253,21475625,11.780798
Mar-2009,Australian Capital Territory,323,21865623,14.77204651
Jun-2009,Australian Capital Territory,466,21865623,21.3119928
Sep-2009,Australian Capital Territory,617,21865623,28.21781021
Dec-2009,Australian Capital Territory,590,21865623,26.98299518
Mar-2010,Australian Capital Territory,404,22172469,18.22079445
Jun-2010,Australian Capital Territory,561,22172469,25.30164773
Sep-2010,Australian Capital Territory,481,22172469,21.69356962
Dec-2010,Australian Capital Territory,520,22172469,23.4525077
Mar-2011,Australian Capital Territory,483,22522197,21.44550996
Jun-2011,Australian Capital Territory,390,22522197,17.31625028
Sep-2011,Australian Capital Territory,360,22522197,15.98423102
Dec-2011,Australian Capital Territory,440,22522197,19.53628236
Mar-2012,Australian Capital Territory,480,22928023,20.93508019
Jun-2012,Australian Capital Territory,425,22928023,18.53626891
Sep-2012,Australian Capital Territory,530,22928023,23.1158177
Dec-2012,Australian Capital Territory,467,22928023,20.36808843
Mar-2013,Australian Capital Territory,452,23297777,19.40099264
Jun-2013,Australian Capital Territory,424,23297777,18.19916123
Sep-2013,Australian Capital Territory,358,23297777,15.36627293
Dec-2013,Australian Capital Territory,364,23297777,15.62380823
Mar-2014,Australian Capital Territory,482,23640331,20.38888542
Jun-2014,Australian Capital Territory,424,23640331,17.93545107
Sep-2014,Australian Capital Territory,485,23640331,20.51578719
Dec-2014,Australian Capital Territory,375,23640331,15.86272206
Mar-2015,Australian Capital Territory,335,23984581,13.96730675
Jun-2015,Australian Capital Territory,335,23984581,13.96730675
Sep-2015,Australian Capital Territory,274,23984581,11.42400611
Dec-2015,Australian Capital Territory,212,23984581,8.83901203
Mar-2016,Australian Capital Territory,235,24385064,9.637046677
Jun-2016,Australian Capital Territory,308,24385064,12.63068245
Sep-2016,Australian Capital Territory,348,24385064,14.27103082
Dec-2016,Australian Capital Territory,334,24385064,13.69690889
Mar-2017,Australian Capital Territory,234,24759018,9.451101817
Jun-2017,Australian Capital Territory,218,24759018,8.804872633
Sep-2017,Australian Capital Territory,216,24759018,8.724093985
Dec-2017,Australian Capital Territory,275,24759018,11.1070641
Mar-2018,Australian Capital Territory,310,25146140,12.32793582
Jun-2018,Australian Capital Territory,358,25146140,14.23677749
Sep-2018,Australian Capital Territory,389,25146140,15.46957108
Dec-2018,Australian Capital Territory,381,25146140,15.1514308
Mar-2019,Australian Capital Territory,314,25520468,12.3038496
Jun-2019,Australian Capital Territory,258,25520468,10.10953247
Sep-2019,Australian Capital Territory,305,25520468,11.95119149
Dec-2019,Australian Capital Territory,313,25520468,12.26466537
Mar-2020,Australian Capital Territory,295,25630698,11.50963583
Jun-2020,Australian Capital Territory,336,25630698,13.10928013
Sep-2020,Australian Capital Territory,269,25630698,10.49522725
Dec-2020,Australian Capital Territory,311,25630698,12.13388726
Mar-2021,Australian Capital Territory,443,25760867,17.19662618
Jun-2021,Australian Capital Territory,404,25760867,15.68270198
Sep-2021,Australian Capital Territory,372,25760867,14.44050777
Dec-2021,Australian Capital Territory,444,25760867,17.23544475
Mar-2022,Australian Capital Territory,445,26302450,16.91857603
Jun-2022,Australian Capital Territory,401,26302450,15.24572806
Sep-2022,Australian Capital Territory,473,26302450,17.98311564
Dec-2022,Australian Capital Territory,289,26302450,10.9875696
Mar-2023,Australian Capital Territory,207,26946369,7.681925531
Jun-2023,Australian Capital Territory,262,26946369,9.723016856
Sep-2023,Australian Capital Territory,207,26946369,7.681925531
Dec-2023,Australian Capital Territory,200,26946369,7.422150272
Mar-2024,Australian Capital Territory,211,27095255,7.787341363
Jun-2024,Australian Capital Territory,172,27095255,6.34797495
